{"cameraMode":{"drawMode":0,"name":"Shaded","section":"Shading Mode"},"sceneLighting":true,"audioPlay":false,"sceneViewState":{"m_AlwaysRefresh":false,"showFog":false,"showSkybox":false,"showFlares":false,"showImageEffects":false,"showParticleSystems":false,"showVisualEffectGraphs":true,"m_FxEnabled":true},"in2DMode":false,"pivot":{"x":-0.8229331970214844,"y":23.255786895751954,"z":515.9520263671875},"rotation":{"x":0.029917636886239053,"y":-0.9696752429008484,"z":0.18548204004764558,"w":0.15638414025306703},"size":78.50645446777344,"orthographic":true}