{"cameraMode":{"drawMode":0,"name":"Shaded","section":"Shading Mode"},"sceneLighting":false,"audioPlay":false,"sceneViewState":{"showFog":false,"showMaterialUpdate":false,"showSkybox":false,"showFlares":false,"showImageEffects":false,"showParticleSystems":false},"in2DMode":false,"pivot":{"x":0.105316162109375,"y":12.500000953674317,"z":0.0},"rotation":{"x":-0.08585409075021744,"y":0.9062588214874268,"z":0.22321979701519013,"w":0.34858348965644839},"size":81.61418914794922,"orthographic":true}