{"cameraMode":{"drawMode":0,"name":"Shaded","section":"Shading Mode"},"sceneLighting":false,"audioPlay":false,"sceneViewState":{"showFog":false,"showMaterialUpdate":false,"showSkybox":false,"showFlares":false,"showImageEffects":false,"showParticleSystems":false},"in2DMode":false,"pivot":{"x":2.1951613426208498,"y":69.98821258544922,"z":49.032958984375},"rotation":{"x":0.12631219625473023,"y":0.7922030091285706,"z":-0.1753307282924652,"w":0.5707202553749085},"size":5.0244832038879398,"orthographic":false}