{"cameraMode":{"drawMode":0,"name":"Shaded","section":"Shading Mode"},"sceneLighting":false,"audioPlay":false,"sceneViewState":{"showFog":false,"showMaterialUpdate":false,"showSkybox":false,"showFlares":false,"showImageEffects":false,"showParticleSystems":false},"in2DMode":false,"pivot":{"x":-0.02901889756321907,"y":-0.007111059036105871,"z":0.888383150100708},"rotation":{"x":-0.18930260837078095,"y":0.631267249584198,"z":-0.16274306178092957,"w":-0.7342898845672607},"size":9.075972557067871,"orthographic":false}