{"cameraMode":{"drawMode":0,"name":"Shaded","section":"Shading Mode"},"sceneLighting":false,"audioPlay":false,"sceneViewState":{"showFog":false,"showMaterialUpdate":false,"showSkybox":false,"showFlares":false,"showImageEffects":false,"showParticleSystems":false},"in2DMode":false,"pivot":{"x":0.6702256202697754,"y":1.1449999809265137,"z":1.1600003242492676},"rotation":{"x":0.09979987144470215,"y":0.6666585206985474,"z":-0.09075944125652313,"w":0.733058750629425},"size":3.7654221057891847,"orthographic":false}