{"cameraMode":{"drawMode":0,"name":"Shaded","section":"Shading Mode"},"sceneLighting":false,"audioPlay":false,"sceneViewState":{"showFog":false,"showMaterialUpdate":false,"showSkybox":false,"showFlares":false,"showImageEffects":false,"showParticleSystems":false},"in2DMode":false,"pivot":{"x":-6.780028343200684e-7,"y":0.1303980052471161,"z":-0.056821465492248538},"rotation":{"x":0.19774222373962403,"y":-0.7049130201339722,"z":0.21574096381664277,"w":0.6461077928543091},"size":0.23556016385555268,"orthographic":true}