{"cameraMode":{"drawMode":0,"name":"Shaded","section":"Shading Mode"},"sceneLighting":false,"audioPlay":false,"sceneViewState":{"showFog":false,"showMaterialUpdate":false,"showSkybox":false,"showFlares":false,"showImageEffects":false,"showParticleSystems":false},"in2DMode":false,"pivot":{"x":-3.850444793701172,"y":2.871131181716919,"z":4.214189529418945},"rotation":{"x":0.13472698628902436,"y":0.8627285361289978,"z":-0.30712175369262698,"w":0.3784595727920532},"size":5.427028656005859,"orthographic":false}