{"cameraMode":{"drawMode":0,"name":"Shaded","section":"Shading Mode"},"sceneLighting":false,"audioPlay":false,"sceneViewState":{"m_AlwaysRefresh":false,"showFog":false,"showSkybox":false,"showFlares":false,"showImageEffects":false,"showParticleSystems":false,"showVisualEffectGraphs":true,"m_FxEnabled":true},"in2DMode":false,"pivot":{"x":0.0009956657886505128,"y":0.3256540298461914,"z":-0.058922573924064639},"rotation":{"x":-0.1500450074672699,"y":0.8185285925865173,"z":-0.2462969869375229,"w":-0.4972112774848938},"size":0.4762422740459442,"orthographic":true}